{"init_params": {"cat_dims": [], "cat_emb_dim": [], "cat_idxs": [], "clip_value": 1, "device_name": "auto", "epsilon": 1e-15, "gamma": 1.97, "grouped_features": [], "input_dim": 30, "lambda_sparse": 0.00011, "mask_type": "entmax", "momentum": 0.02, "n_a": 24, "n_d": 24, "n_indep_decoder": 1, "n_independent": 2, "n_shared": 2, "n_shared_decoder": 1, "n_steps": 7, "optimizer_params": {"lr": 0.0221, "weight_decay": 0.00016}, "output_dim": 2, "scheduler_params": {"mode": "max", "patience": 10, "factor": 0.2, "verbose": true}, "seed": 42, "verbose": 1}, "class_attrs": {"preds_mapper": {"0": 0, "1": 1}}}