{"init_params": {"cat_dims": [], "cat_emb_dim": [], "cat_idxs": [], "clip_value": 1, "device_name": "auto", "epsilon": 1e-15, "gamma": 1.53, "grouped_features": [], "input_dim": 30, "lambda_sparse": 0.00075, "mask_type": "sparsemax", "momentum": 0.02, "n_a": 40, "n_d": 40, "n_indep_decoder": 1, "n_independent": 2, "n_shared": 2, "n_shared_decoder": 1, "n_steps": 6, "optimizer_params": {"lr": 0.0257, "weight_decay": 0.00023}, "output_dim": 3, "scheduler_params": {"mode": "max", "patience": 10, "factor": 0.2, "verbose": true}, "seed": 42, "verbose": 1}, "class_attrs": {"preds_mapper": {"0": 0, "1": 1, "2": 2}}}